Country Name,Country Code,Continent,1990,2000,2012,2013,2014,2015,2016,2017,2018,2019
Afghanistan,AFG,Asia,0.222538139,0.03888864,0.265209509,0.189910278,0.149161535,0.176278015,0.15301907,0.134106112,0.165454682,0.160976451
Albania,ALB,Europe,1.819541634,1.026213109,1.50324046,1.533630039,1.668337371,1.60377515,1.557664358,1.788786074,1.782738948,1.69224832
Algeria,DZA,Africa,2.466487087,2.601169321,3.621254802,3.658360898,3.811645127,3.95188518,3.84017304,3.849132018,3.948290258,4.010034523
Andorra,AND,Europe,7.6536803,7.867225441,6.900145178,6.725797487,6.42269737,6.550887838,6.479183882,6.365372358,6.532201212,6.549388942
Angola,AGO,Africa,0.554586251,0.988162665,0.947662543,1.031093319,1.092215832,1.125224458,1.020760058,0.80275079,0.766143022,0.779202575
Antigua and Barbuda,ATG,North America,3.316068722,4.396775698,7.984122865,5.310914481,5.378994904,5.448016028,5.520957555,5.487329756,5.566105586,5.644994745
Argentina,ARG,South America,3.073750055,3.56803988,4.264223782,4.342115069,4.209095633,4.301913876,4.201845776,4.071308362,3.975771971,3.740650291
Armenia,ARM,Asia/Europe,5.581268756,1.123551888,1.962653917,1.89564639,1.896239708,1.855071711,1.769117961,1.882939997,2.013003806,2.187476318
Australia,AUS,Australia (Oceania),15.44846309,17.83874781,17.02204223,16.44231571,15.83042152,15.863288,15.91465712,15.82324174,15.50348628,15.25361834
Austria,AUT,Europe,7.58936421,7.929785513,7.723614487,7.753699576,7.260404228,7.317158873,7.288819983,7.486161583,7.133063919,7.293984252
Azerbaijan,AZE,Asia/Europe,7.453450775,3.440349875,3.239102868,3.285616903,3.38119922,3.292452869,3.304019557,3.243341999,3.292832354,3.542397828
"Bahamas, The",BHS,North America,7.241049361,6.8612429,9.291709838,7.286399437,6.475968198,5.627748718,5.151827287,5.438324085,6.966803064,7.02002416
Bahrain,BHR,Asia,20.75691221,22.32086382,22.18069641,22.86646412,23.0945126,22.44993541,21.49452899,20.94953883,20.71483283,22.25958067
Bangladesh,BGD,Asia,0.107515189,0.167578315,0.38128578,0.393429486,0.409268211,0.457390879,0.465501758,0.490376738,0.509823919,0.548224197
Barbados,BRB,North America,3.785713182,4.685309665,7.67568035,5.201090991,4.576691956,4.566981732,4.629479962,4.226557639,4.433511661,4.46141766
Belarus,BLR,Europe,9.797486552,5.304816521,6.344981391,6.352712195,6.29728587,5.79426692,5.822979457,5.92135146,6.245507315,6.122237765
Belgium,BEL,Europe,10.96677472,11.43958054,8.577525877,8.655477512,8.041711215,8.437851999,8.314931808,8.151095679,8.196338589,8.095583954
Belize,BLZ,North America,1.807337791,1.871833482,1.987782604,1.334540246,1.362339788,1.889566003,1.769607872,1.708064964,1.648929754,1.644842482
Benin,BEN,Africa,0.064284641,0.202914452,0.443375821,0.453984131,0.488937949,0.503988804,0.598574502,0.592405864,0.621404996,0.593957402
Bhutan,BTN,Asia,0.143255701,0.357625165,0.887477533,0.9192072,0.950625835,1.035957105,1.240395282,1.282863495,1.377779115,1.368151201
Bolivia,BOL,South America,1.466983569,0.955467087,1.648107801,1.744335009,1.869563447,1.871942391,1.954183691,1.989413174,2.00139482,1.896866998
Bosnia and Herzegovina,BIH,Europe,5.333410468,3.340232333,5.976527998,6.039984526,5.45775095,5.56702529,6.417721919,6.592971597,6.646806748,6.26950657
Botswana,BWA,Africa,2.094710744,2.333546614,1.567509836,2.444438666,3.092405764,3.01496063,2.818379111,3.051826901,2.981958516,2.900345721
Brazil,BRA,South America,1.313148875,1.783495567,2.271403237,2.413423219,2.514601766,2.365340621,2.161272835,2.18934835,2.064980862,2.050685078
Brunei Darussalam,BRN,Asia,12.44616841,14.1348682,17.95226221,17.51266702,16.99243482,15.18613718,16.3617323,16.94261349,17.36231034,15.95715486
Bulgaria,BGR,Europe,8.443170443,5.3144536,6.16215311,5.458963808,5.820924714,6.207865317,5.834881981,6.20129024,5.82203361,5.61085728
Burkina Faso,BFA,Africa,0.05475635,0.079105349,0.171791872,0.177473787,0.175015284,0.197670493,0.191953539,0.215266714,0.229003261,0.238644814
Burundi,BDI,Africa,0.031000441,0.04121973,0.037772528,0.038425245,0.036208018,0.03728857,0.040354655,0.047509798,0.060034078,0.060632409
Cabo Verde,CPV,Africa,0.274301012,0.480086241,0.992762148,0.944549377,0.915623466,0.905524788,0.984967625,1.044332767,1.067923457,1.126457855
Cambodia,KHM,Asia,0.141401318,0.161731638,0.383454258,0.382674739,0.456911671,0.546780459,0.708498844,0.801607535,0.909814876,0.998288121
Cameroon,CMR,Africa,0.253706743,0.345225296,0.327109945,0.349006266,0.369962042,0.367623959,0.382934447,0.375924734,0.382426004,0.365754231
Canada,CAN,North America,15.14888987,16.75762643,15.73447396,15.83846027,15.84990541,15.64858561,15.42060171,15.54457104,15.65057904,15.43061283
Central African Republic,CAF,Africa,0.053395585,0.06384388,0.041899682,0.02498736,0.027090477,0.039424542,0.042820639,0.044028698,0.045144246,0.046071236
Chad,TCD,Africa,0.066929017,0.035112627,0.145826242,0.165698633,0.164998116,0.169020777,0.151446782,0.142517342,0.140346743,0.139518738
Chile,CHL,South America,2.287364306,3.284305637,4.521453066,4.74016879,4.32857636,4.60153513,4.782712706,4.740160313,4.631191732,4.798974486
China,CHN,Asia,1.914542564,2.650412428,7.046182675,7.324147115,7.294235506,7.146449357,7.115385005,7.230985031,7.487331894,7.605936961
Colombia,COL,South America,1.494721407,1.487690913,1.522418464,1.662271659,1.696732655,1.702683924,1.736028187,1.550928775,1.594862888,1.61474775
Comoros,COM,Africa,0.162368163,0.186303697,0.233729158,0.27166414,0.237891334,0.26019698,0.29481448,0.367616168,0.386442082,0.404558352
"Congo, Dem. Rep.",COD,Africa,0.088363915,0.033527838,0.03986035,0.053906873,0.067599923,0.041064418,0.029718421,0.033814538,0.035826095,0.035703604
"Congo, Rep.",COG,Africa,1.341474406,1.387989266,1.116001149,1.103961695,1.049574509,1.117608304,1.060379145,1.018383584,1.192781808,1.303239669
Costa Rica,CRI,North America,0.908730238,1.243970825,1.572860452,1.623696834,1.616336585,1.540271137,1.63390596,1.654037158,1.66047244,1.620601418
Cote d'Ivoire,CIV,Africa,0.227529566,0.386317112,0.365276687,0.386750453,0.400077311,0.415735394,0.39605806,0.424983645,0.399702062,0.414187926
Croatia,HRV,Europe,4.257574464,4.037327826,4.079616457,3.997002654,3.831644469,3.948992432,4.043744105,4.221085948,4.019234669,4.063707833
Cuba,CUB,North America,3.351940587,2.552722269,2.536852493,2.549997738,2.355271735,2.575861739,2.395518544,2.314666755,2.357823427,2.289537296
Cyprus,CYP,Asia/Europe,5.821179455,7.519217242,6.138915802,5.510005269,5.785920877,5.769489846,6.027309716,6.090078661,5.907299543,5.851065608
Czechia,CZE,Europe,14.53545339,12.01065269,10.09153928,9.620257259,9.264302843,9.400668002,9.627750042,9.611647341,9.492068199,9.022786158
Denmark,DNK,Europe,10.13239021,9.850895645,6.835287325,7.116737849,6.347153074,5.929462754,6.166190299,5.746767737,5.718343553,5.107988509
Djibouti,DJI,Africa,0.46779735,0.498630115,0.523945899,0.576278131,0.404413369,0.457138777,0.410452452,0.403755684,0.378358648,0.391063625
Dominica,DMA,North America,0.86354543,1.902086443,3.629079085,2.470248068,2.594744305,2.571171556,2.56867652,2.414669855,2.400350194,2.380019065
Dominican Republic,DOM,North America,1.102538307,2.185980198,2.161325425,2.096080931,2.086146747,2.266997983,2.335766826,2.211839912,2.35102193,2.502324464
Ecuador,ECU,South America,1.475621103,1.746326201,2.395393982,2.524965244,2.619376799,2.56361149,2.421594059,2.308805685,2.359001713,2.265370728
"Egypt, Arab Rep.",EGY,Africa,1.533698636,1.605825955,2.356412911,2.290263794,2.292234208,2.315505548,2.31730464,2.379717623,2.389706724,2.361040835
El Salvador,SLV,North America,0.443435928,0.944871529,1.098796044,1.044354012,1.061272656,1.123403283,1.147106408,1.018087182,1.085026906,1.241995331
Equatorial Guinea,GNQ,Africa,0.128880096,3.240984734,8.226963408,7.379771472,6.107244959,4.877603465,4.760791555,3.998086565,4.280699257,3.444876441
Eritrea,ERI,Africa,NaN,0.267460132,0.190616973,0.194153135,0.195581358,0.194610422,0.196119982,0.211955911,0.246707621,0.25151351
Estonia,EST,Europe,22.4831663,10.68014331,12.7693736,14.65860673,13.64730803,11.81383402,12.15239497,12.68422805,11.58870366,7.672029278
Eswatini,SWZ,Africa,0.655729259,0.669580474,0.611816706,0.67064943,0.666154468,0.679050653,0.735214292,0.772978735,0.784193441,0.820784292
Ethiopia,ETH,Africa,0.048247556,0.053109068,0.089781732,0.103827221,0.123713286,0.125790592,0.142174388,0.146213488,0.15513441,0.160882449
Fiji,FJI,Oceania,0.884127981,0.972962454,1.130552436,1.23706419,1.408973701,1.504579149,1.655104507,1.79539267,1.773674744,1.774700174
Finland,FIN,Europe,10.94169357,10.64485611,9.126387978,9.22784648,8.451871908,7.814537356,8.316193077,7.810154155,8.082639791,7.372854761
France,FRA,Europe,6.137338876,6.124614634,5.153951699,5.129519032,4.616052854,4.677807228,4.70474678,4.749542598,4.572030089,4.459547465
Gabon,GAB,Africa,4.17078659,4.776363286,3.048938128,3.043802346,3.030218312,3.016982301,3.077356731,2.490403966,2.335753584,2.340839626
"Gambia, The",GMB,Africa,0.182584162,0.166951992,0.223191113,0.207071588,0.237549323,0.235228001,0.228723718,0.226778139,0.224956609,0.23117857
Georgia,GEO,Asia/Europe,6.974177426,1.169940333,1.928196034,2.108848922,2.277240519,2.469615623,2.588862958,2.609975618,2.568059536,2.717624226
Germany,DEU,Europe,12.02660923,10.09931602,9.451317705,9.62420735,9.088506897,9.087290909,9.073006686,8.858293847,8.536196091,7.911621016
Ghana,GHA,Africa,0.180617806,0.291881692,0.543956555,0.5678351,0.535175506,0.546570367,0.543744838,0.562830149,0.605105683,0.635740643
Greece,GRC,Europe,7.416057913,8.741595261,7.251237354,6.609996229,6.385178661,6.28506954,6.203617147,6.211250289,6.0580184,5.59618907
Grenada,GRD,North America,1.110583864,1.954724849,3.537166095,2.736328982,2.119146916,2.269289046,2.333994642,2.398259952,2.626438327,2.688960701
Guatemala,GTM,North America,0.434248626,0.81278639,0.821948809,0.864132971,0.911388463,1.049628082,1.105025419,1.029997461,1.120698338,1.162970924
Guinea,GIN,Africa,0.157377586,0.17872207,0.229870314,0.197188175,0.197646507,0.218475864,0.236359356,0.272858221,0.298689018,0.306735631
Guinea-Bissau,GNB,Africa,0.174618484,0.121867101,0.151266067,0.147253458,0.154877885,0.156519105,0.168978586,0.164908881,0.166237649,0.167473846
Guyana,GUY,South America,1.566021876,2.186941325,2.688294895,2.649112974,2.742589274,2.754853673,3.267082718,3.236152711,3.297204014,3.568061597
Haiti,HTI,North America,0.147285379,0.175832588,0.239401567,0.258254253,0.290029328,0.310495591,0.313612773,0.306529824,0.298753559,0.297479358
Honduras,HND,North America,0.484838026,0.749617868,1.05091152,1.04568224,1.036389093,1.068373228,1.000972673,0.961893862,1.026258974,1.026225098
Hungary,HUN,Europe,6.498947174,5.350127818,4.377864468,4.120050589,4.11798843,4.407180501,4.50885432,4.744601547,4.746529359,4.74663103
Iceland,ISL,Europe,7.65228038,7.930157714,5.799523611,6.269999047,6.261721492,6.227045154,4.859303764,4.863133247,4.819673475,4.548442258
India,IND,Asia,0.647456601,0.885079459,1.498202508,1.527674907,1.642467654,1.631321083,1.639915139,1.713496761,1.791032878,1.775922673
Indonesia,IDN,Asia,0.815382646,1.311004933,1.924325888,1.768585051,1.888578445,1.885623811,1.842694957,1.955849726,2.160470329,2.299255915
"Iran, Islamic Rep.",IRN,Asia,3.557216183,5.194190324,7.230830454,7.4395614,7.570501722,7.325759038,7.288890815,7.412808941,7.445084604,7.277950876
Iraq,IRQ,Asia,3.636233695,3.558021245,3.809304785,3.920319885,3.647695347,3.526952108,3.675389044,3.914070007,4.019393455,4.199836721
Ireland,IRL,Europe,8.810537585,11.17688705,8.072558903,7.723057986,7.628162753,7.881824817,8.163462657,7.858737173,7.737323783,7.245143221
Israel,ISR,Asia,7.255364807,9.063444109,9.615068271,8.313170792,7.877600353,7.892507176,7.603557613,7.529868203,6.87621041,6.919593718
Italy,ITA,Europe,7.145018163,7.662168039,6.327708948,5.751905744,5.38747546,5.563259469,5.498165145,5.437857589,5.37687093,5.311315442
Jamaica,JAM,North America,3.122870533,3.85115257,2.521906358,2.668465872,2.58211134,2.537176489,2.700971805,2.570880748,3.062057218,2.981761622
Japan,JPN,Asia,8.831775701,9.323415561,9.822297325,9.908431318,9.562839774,9.276629423,9.189697811,9.098304984,8.801681435,8.540980205
Jordan,JOR,Asia,2.852967043,3.21784812,3.344489605,3.092992142,2.951019001,2.665825118,2.490803465,2.559865326,2.369055498,2.302152439
Kazakhstan,KAZ,Asia/Europe,14.51247859,8.072629613,14.56638251,15.26278838,12.10241477,10.87226272,11.36053552,11.89614517,11.8513159,11.45693783
Kenya,KEN,Africa,0.265086292,0.269678019,0.27786794,0.314785777,0.33055605,0.367330896,0.39900057,0.387757343,0.350126986,0.437279031
Kiribati,KIR,Oceania,0.266226506,0.33773895,0.537547695,0.529516099,0.521807181,0.514107968,0.590652505,0.747744334,0.736130112,0.724398577
"Korea, Dem. People's Rep.",PRK,Asia,5.929462902,3.073557524,1.546140917,1.105119558,1.242929106,0.993743981,1.181585649,2.127657859,1.970891065,2.175850956
"Korea, Rep.",KOR,Asia,5.77756339,9.714493739,11.9586009,11.89000868,11.58874374,11.91474367,12.02472517,12.20028602,12.22524582,11.79932538
Kuwait,KWT,Asia,17.39168853,25.75842382,25.13062344,23.95710116,22.74839528,22.77458422,22.61563259,21.99566423,21.16888653,20.86194896
Kyrgyz Republic,KGZ,Asia,5.18309346,0.95337253,1.794121918,1.639974843,1.663953395,1.724051177,1.595525916,1.521409491,1.779275005,1.556643256
Lao PDR,LAO,Asia,0.118207611,0.165719823,0.502396521,0.630232154,0.648588506,1.308302923,2.278214021,2.722238523,2.724839446,2.594268107
Latvia,LVA,Europe,7.051796913,2.927076514,3.721147063,3.701592882,3.651352159,3.701593036,3.648821173,3.665855177,4.042188179,3.955435862
Lebanon,LBN,Asia,1.563847845,3.626775836,4.532342973,4.092377097,4.008388389,4.221011641,4.443472189,4.79927816,4.66992989,4.83404537
Lesotho,LSO,Africa,0.188994201,0.195133667,0.301744573,0.294126305,0.291135828,0.306817811,0.321847572,0.322488946,0.332117549,0.345958255
Liberia,LBR,Africa,0.203644697,0.14852046,0.219311406,0.207800988,0.269947464,0.273180857,0.299611327,0.266853959,0.231112626,0.236696398
Libya,LBY,Africa,6.750086087,8.675426157,9.817934821,9.792453881,9.511683299,8.289414376,8.110221452,8.648125225,8.740631096,8.646557823
Liechtenstein,LIE,Europe,6.952894142,6.661418277,5.204766405,5.16220175,4.313133395,4.283228388,3.988407189,4.222861422,3.666745255,3.897926458
Lithuania,LTU,Europe,8.713199442,3.003255289,3.992940664,3.830693465,3.703492659,3.810789214,3.904845812,3.966902972,4.158422562,4.198076022
Luxembourg,LUX,Europe,29.56658374,19.61952785,20.13387346,18.68006408,17.34616222,16.02867977,15.20582045,15.09216281,15.33020757,15.30642656
Madagascar,MDG,Africa,0.074898412,0.101748652,0.119305555,0.124215321,0.124298108,0.131987107,0.124696393,0.132596896,0.124783297,0.149637883
Malawi,MWI,Africa,0.057654016,0.06322696,0.060970713,0.061155306,0.051584038,0.054903075,0.064347018,0.066550469,0.07513114,0.076852396
Malaysia,MYS,Asia,3.11810422,5.419881762,6.938925371,7.421982283,7.732027867,7.613417385,7.484516849,7.118506884,7.543688365,7.720700215
Maldives,MDV,Asia,0.711247038,1.628278237,2.941639385,2.819867829,3.287437202,3.145217215,3.874501357,3.936991238,4.287831755,4.182292243
Mali,MLI,Africa,0.00111794,0.125454874,0.188317217,0.189366842,0.192572694,0.201513766,0.249731209,0.268235959,0.274401426,0.283457954
Malta,MLT,Europe,6.522291555,5.46032039,6.475758827,5.563811012,5.430805313,3.729892769,2.964713376,3.247870147,3.198316143,3.293245606
Marshall Islands,MHL,Oceania,NaN,1.844201829,2.68183822,2.726281364,2.975069041,3.035822829,3.724471997,3.814610108,3.913979585,4.024324968
Mauritania,MRT,Africa,0.46858791,0.471242518,0.750801754,0.691965879,0.754584647,0.902129112,0.804562807,0.838939285,0.86402456,0.901034695
Mauritius,MUS,Africa,1.095605771,2.047396815,2.970024269,3.034990528,3.132598572,3.136372847,3.197535651,3.297451534,3.264040403,3.294591006
Mexico,MEX,North America,3.29880798,3.87418683,4.202377368,4.056076458,3.892354324,3.925346727,3.894939366,3.839000611,3.649350191,3.591708614
"Micronesia, Fed. Sts.",FSM,Oceania,NaN,1.163737926,1.201123468,1.289027618,1.284120933,1.370338619,1.546509,1.629991915,1.532511803,1.616103639
Moldova,MDA,Europe,10.29340069,2.294277504,2.845831571,2.510877495,2.697865341,2.827948756,2.903838826,2.9253893,3.154547318,3.325546071
Mongolia,MNG,Asia,6.000648644,3.672002086,6.138200988,6.460109232,6.242199693,5.835232337,5.997580528,6.3242281,6.811017869,7.13704541
Montenegro,MNE,Europe,3.166373117,2.512604347,3.754425023,3.654176435,3.570222461,3.793242395,3.454908775,3.647330429,4.017826292,4.179875994
Morocco,MAR,Africa,0.875021886,1.151485681,1.741416033,1.703668382,1.713646499,1.741903173,1.718162933,1.787879837,1.808085149,1.968907009
Mozambique,MOZ,Africa,0.084188631,0.080479478,0.150280077,0.166325224,0.186645239,0.205638319,0.26284917,0.252367557,0.236202713,0.247642485
Myanmar,MMR,Asia,0.10174677,0.207297887,0.238160739,0.268518218,0.333643786,0.369824019,0.421256718,0.621553474,0.625450763,0.692304948
Namibia,NAM,Africa,NaN,1.066437401,1.628626911,1.719202889,1.761033565,1.839923095,1.777604132,1.805852646,1.758338607,1.724811534
Nauru,NRU,Oceania,13.54448844,8.673026886,3.829950125,4.675519052,4.57038398,5.364327104,5.246130861,5.992124662,5.031868388,4.945598307
Nepal,NPL,Asia,0.047918771,0.131110161,0.219533393,0.222412502,0.259630493,0.260409831,0.373638073,0.44281343,0.532856949,0.466487529
Netherlands,NLD,Europe,9.924081247,10.178636,9.398409929,9.348128895,8.881703067,9.292250246,9.309281866,9.092131413,8.783850008,8.437074627
New Zealand,NZL,Australia (Oceania),6.700102108,7.634082484,7.284317645,7.179036805,7.078489829,7.003080396,6.616321362,6.841033801,6.603273193,6.830414187
Nicaragua,NIC,North America,0.45650004,0.735865047,0.777699501,0.730466243,0.76666913,0.836694131,0.842041358,0.845609592,0.777513538,0.786323459
Niger,NER,Africa,0.068095087,0.057645987,0.105266634,0.105611913,0.110984851,0.104828443,0.100852013,0.087864883,0.086370866,0.091710278
Nigeria,NGA,Africa,0.7642763,0.791358811,0.560573123,0.618854213,0.640152925,0.585665602,0.587437349,0.560735375,0.553915601,0.567031243
North Macedonia,MKD,Europe,4.202186311,4.323043897,4.390978645,3.943737473,3.724356864,3.579319286,3.522333131,3.755118077,3.51601022,3.996737213
Norway,NOR,Europe,6.91033516,7.635326646,7.66951117,7.776167641,7.613049325,7.610906295,7.404691495,7.148044335,7.076542655,6.722269985
Oman,OMN,Asia,6.605620097,10.71130121,17.12590759,16.50911219,16.55913647,16.73037807,16.40037499,15.83714499,16.43064961,16.51832088
Pakistan,PAK,Asia,0.511462775,0.637235528,0.711205881,0.711316508,0.740642496,0.777980523,0.848191717,0.918894162,0.852449537,0.853451601
Palau,PLW,Oceania,NaN,10.64584812,12.25899915,12.35607969,12.36232855,11.80173055,14.03233049,14.57644169,13.99462606,13.95400759
Panama,PAN,North America,1.097973525,1.758985066,2.785721563,2.682153552,2.766925426,2.704001039,2.674888648,2.473106521,2.415218377,3.151777743
Papua New Guinea,PNG,Australia (Oceania),0.561452968,0.513770409,0.609228487,0.635488335,0.695875874,0.749812228,0.860754509,0.834906248,0.810356522,0.794342263
Paraguay,PRY,South America,0.509953328,0.686987577,0.874509241,0.882502048,0.924356922,1.031086345,1.1457541,1.268212126,1.314538119,1.257269119
Peru,PER,South America,0.944407549,1.074117523,1.617501302,1.65619083,1.751666469,1.776186591,1.826370868,1.717106975,1.695133992,1.728872515
Philippines,PHL,Asia,0.667328385,0.924854329,0.879097862,0.957872593,1.004883274,1.077438915,1.162905266,1.250720206,1.276333177,1.3174392
Poland,POL,Europe,9.189263028,7.73080499,7.969647665,7.841704806,7.516889481,7.610089275,7.895688724,8.238615375,8.213615723,7.773641839
Portugal,PRT,Europe,4.113903954,5.99228486,4.585897919,4.452394369,4.415895252,4.812669696,4.722311267,5.177519279,4.813385529,4.339768426
Qatar,QAT,Asia,28.39191713,44.36965215,39.3984246,37.42076185,36.87572559,35.11179773,33.49303982,32.2816777,31.23540631,32.76177492
Romania,ROU,Europe,7.440359782,3.966498018,4.080658872,3.607441144,3.593353578,3.700112058,3.633591827,3.788405676,3.86105157,3.817434477
Russian Federation,RUS,Asia/Europe,14.62146834,10.66769032,11.70209407,11.37700677,11.20820257,11.05201007,10.88744577,11.03519747,11.49657125,11.79720293
Rwanda,RWA,Africa,0.075137002,0.066584554,0.06918606,0.072964099,0.07564795,0.084171044,0.097226535,0.097299025,0.102938057,0.103622683
Samoa,WSM,Oceania,0.535121829,0.815181949,1.009468833,1.000305108,1.040856047,1.178949824,1.459541567,1.493040516,1.382921358,1.415728803
Sao Tome and Principe,STP,Africa,0.415479089,0.347913217,0.631831666,0.619332449,0.607604153,0.596646831,0.635286735,0.672960452,0.662427136,0.698978122
Saudi Arabia,SAU,Asia,10.70993679,11.5865541,15.9781099,15.98380127,16.82523051,17.2577901,16.7951115,15.94092541,14.88543121,14.61955333
Senegal,SEN,Africa,0.309182549,0.418371798,0.563036112,0.589162689,0.613443862,0.647108027,0.686716537,0.64653213,0.653615395,0.663717595
Serbia,SRB,Europe,8.161086211,5.852577835,6.360537735,6.486480319,5.463794101,6.397117589,6.604969132,6.74276565,6.606418045,6.616046939
Seychelles,SYC,Africa,2.158056023,3.574465987,4.86959681,4.669312465,5.14453966,5.459274778,6.126091694,6.05156332,5.994088416,6.248399634
Sierra Leone,SLE,Africa,0.073981802,0.071988477,0.126683213,0.149321036,0.161048904,0.124405778,0.124100721,0.122434652,0.109396931,0.11184531
Singapore,SGP,Asia,9.507300635,10.45709574,8.22409727,8.132743535,8.117411688,8.207765834,8.221450295,8.755841796,8.406228967,8.307079491
Slovak Republic,SVK,Europe,10.34309603,7.064757493,5.982344127,6.081213422,5.617636524,5.669455793,5.80025256,6.173666031,6.058635474,5.698416255
Slovenia,SVN,Europe,6.771226142,7.310481793,7.349942268,7.063268041,6.357966448,6.367726166,6.731097778,6.833179386,6.784338879,6.512209378
Solomon Islands,SLB,Oceania,0.46271875,0.558168092,0.61645439,0.669683078,0.569156733,0.505990276,0.573155338,0.543787298,0.546075935,0.533338885
Somalia,SOM,Africa,0.104299184,0.056183222,0.050641759,0.050573875,0.048838267,0.047224965,0.046176946,0.044401925,0.042826293,0.043175461
South Africa,ZAF,Africa,6.210508815,6.080754972,8.030477632,8.110092581,8.184426594,7.602658848,7.534967744,7.691396451,7.575039606,7.568640115
South Sudan,SSD,Africa,0.090510748,0.075231746,0.132690385,0.130559697,0.136445306,0.175982438,0.156333237,0.14261285,0.149105425,0.162715773
Spain,ESP,Europe,5.530352721,7.230107062,5.756946794,5.208274629,5.184067004,5.51794436,5.314294581,5.654254455,5.492571471,5.09135092
Sri Lanka,LKA,Asia,0.221635184,0.582076331,0.824969419,0.703424802,0.847049783,0.970910854,1.034287615,1.089349031,1.00092296,1.090675627
St. Kitts and Nevis,KNA,North America,2.706959346,4.179406524,7.123850306,4.815039759,4.812823122,5.021971011,5.022181188,5.022496487,5.234396265,5.239771965
St. Lucia,LCA,North America,1.335197926,2.445141066,4.332154987,2.931405065,2.91755332,2.84700751,2.890943357,2.991595149,2.979402609,3.023804178
St. Vincent and the Grenadines,VCT,North America,0.711193293,1.405814801,3.330773705,2.140530518,2.525441585,2.347814654,2.453686574,2.17908274,2.374597506,2.477983974
Sudan,SDN,Africa,0.254612348,0.216359904,0.449376953,0.422886984,0.435637492,0.490160379,0.53660534,0.515243061,0.496677809,0.476960503
Suriname,SUR,South America,4.26402039,3.089783256,4.371890282,4.060665208,4.599056817,4.726530307,5.073496994,4.254891849,3.722324749,4.414452242
Sweden,SWE,Europe,6.233324979,6.005336499,4.426761612,4.222750051,4.030482516,3.999311639,3.908058712,3.807034265,3.538991742,3.405037919
Switzerland,CHE,Europe,6.452219106,6.084142395,5.317086349,5.381151799,4.859165525,4.719648777,4.737656377,4.578884688,4.40199099,4.359041462
Syrian Arab Republic,SYR,Asia,2.610203114,2.722647905,2.080460002,1.428184611,1.325712089,1.315791005,1.388929031,1.545563065,1.416714605,1.279215743
Tajikistan,TJK,Asia,2.03401343,0.350709501,0.379569505,0.393284187,0.550061074,0.574843252,0.697968848,0.825721723,0.950906528,1.008889049
Tanzania,TZA,Africa,0.072120855,0.0855973,0.206545256,0.21947616,0.210766397,0.222485183,0.20587553,0.210247449,0.206574427,0.207941599
Thailand,THA,Asia,1.615472906,2.608195022,3.624794443,3.746841769,3.670619302,3.75563361,3.705013228,3.650586334,3.613917211,3.745594941
Timor-Leste,TLS,Asia,NaN,NaN,0.263695474,0.396020859,0.447321533,0.431244298,0.489971128,0.490655439,0.483419132,0.484209313
Togo,TGO,Africa,0.252841435,0.253592477,0.323389353,0.246262821,0.21815539,0.244874076,0.300208025,0.263600404,0.287074946,0.287513388
Tonga,TON,Oceania,0.810315314,0.974630371,1.023236771,1.120563245,1.031643308,1.13077399,1.419016772,1.707536946,1.521635724,1.524520933
Trinidad and Tobago,TTO,North America,10.38279756,7.65649079,15.04498496,15.41580622,15.19307468,14.60781804,12.46146166,12.34269823,11.81623868,11.3095457
Tunisia,TUN,Africa,1.72274412,2.092321725,2.486938287,2.464539863,2.62053872,2.637184838,2.533873386,2.536523191,2.504809913,2.48229898
Turkiye,TUR,Asia/Europe,2.56239666,3.375261706,4.368905335,4.154950994,4.360913769,4.414398847,4.623460851,5.066401211,4.972025981,4.753617528
Turkmenistan,TKM,Asia,12.00179126,8.428296666,12.64224627,12.62928083,12.60782008,12.72884415,12.49710045,12.25122495,12.04438716,11.83258088
Tuvalu,TUV,Oceania,1.089087345,1.03755966,0.921319309,0.915918646,0.917515348,0.91937113,0.921489106,0.923531564,0.920386542,0.912741856
Uganda,UGA,Africa,0.044920488,0.054119995,0.110289949,0.104610904,0.11310929,0.12594271,0.127747538,0.128840659,0.14115246,0.136440644
Ukraine,UKR,Europe,13.27040704,6.04719734,6.077860784,5.941351514,5.25113054,4.231515591,4.480868101,3.902198828,4.159783074,3.936583531
United Arab Emirates,ARE,Asia,29.05558558,25.86912537,20.26435367,21.07783662,20.91002932,21.89550487,22.35647344,21.72844747,19.37819696,20.50228321
United Kingdom,GBR,Europe,9.812990193,9.014558285,7.343460282,7.075818333,6.43320778,6.159448333,5.804004752,5.555651514,5.427748177,5.220514488
United States,USA,North America,19.40734628,20.46980666,15.78978264,16.11118443,16.04092103,15.56003496,15.1498852,14.82326087,15.22254765,14.67341061
Uruguay,URY,South America,1.23515726,1.658453374,2.52734035,2.1767549,1.916464553,1.951323834,1.909914148,1.782479079,1.908351273,1.893006281
Uzbekistan,UZB,Asia,5.742077036,5.02263655,3.799895864,3.698682699,3.409552819,3.168481901,3.304142608,3.381745391,3.412721809,3.47554445
Vanuatu,VUT,Oceania,0.463938707,0.468569406,0.466358083,0.417403445,0.592752842,0.506442676,0.63555285,0.585724185,0.706361945,0.689872648
"Venezuela, RB",VEN,South America,5.145671932,5.38404532,6.146161745,6.046982562,5.936424797,5.343318781,4.914209919,4.607466947,4.430079197,3.877579233
Vietnam,VNM,Asia,0.28888425,0.648218478,1.741519541,1.820140893,1.982451866,2.393390259,2.402322986,2.450734097,3.009029365,3.513275505
"Yemen, Rep.",YEM,Asia,0.496444107,0.806819585,0.801193111,1.031351833,0.988350803,0.475162759,0.370636047,0.33328463,0.31568166,0.351859419
Zambia,ZMB,Africa,0.356473725,0.182992125,0.273319341,0.278306954,0.298008752,0.305264022,0.317275525,0.393685899,0.433395739,0.369957765
Zimbabwe,ZWE,Africa,1.635374232,1.15761513,0.90536755,0.905910545,0.871840016,0.878138865,0.762487107,0.700964637,0.822472016,0.765893876
Asia,ABB,Asia,279.7436762,291.427275,327.2264456,320.4140746,316.0836934,312.0134045,313.277224,314.3167266,311.3771676,314.3520835
Europe,EEE,Europe,407.8631855,314.5926282,304.9979204,299.6780931,283.0642828,278.6366625,278.1371839,280.7217287,278.1193907,267.2339461
Africa,FFF,Africa,40.10773109,51.01522882,64.37040392,64.54023126,64.68552887,62.75382365,62.87998724,62.58298694,63.00384586,62.83070796
North America,NNN,North America,82.66585179,93.47223049,115.2313625,101.2113096,99.21250004,98.3442543,95.41805331,93.80256039,96.72409523,96.6480934
South America,SRR,South America,24.77682165,26.90565366,34.84869815,34.89948751,35.10850549,34.99032696,35.394466,33.71627435,32.99483533,33.10653632
Oceania,UUU,Oceania,40.76604304,53.47822635,50.59243684,51.19420239,50.87939489,51.44861474,55.19568798,57.30910768,54.97728819,54.99371117
World,WLD,World,815.8366667,796.1465666,851.3338091,828.0504421,807.6560595,797.8580571,799.1515933,800.3146782,794.2532681,786.5567592
